<?xml version="1.0" encoding="UTF-8"?>
<!DOCTYPE mapper PUBLIC "-//mybatis.org//DTD Mapper 3.0//EN" "http://mybatis.org/dtd/mybatis-3-mapper.dtd">

<mapper namespace="com.dao.CheweifenleiDao">

	<!-- 可根据自己的需求，是否要使用 -->
    <resultMap type="com.entity.CheweifenleiEntity" id="cheweifenleiMap">
        <result property="fenlei" column="fenlei"/>
    </resultMap>

	<select id="selectListVO"
		resultType="com.entity.vo.CheweifenleiVO" >
		SELECT * FROM cheweifenlei  cheweifenlei         
        <where> 1=1 ${ew.sqlSegment}</where>
	</select>
	
	<select id="selectVO"
		resultType="com.entity.vo.CheweifenleiVO" >
		SELECT  cheweifenlei.* FROM cheweifenlei  cheweifenlei
 		<where> 1=1 ${ew.sqlSegment}</where>
	</select>

    <select id="selectListView"
		resultType="com.entity.view.CheweifenleiView" >

		SELECT  cheweifenlei.* FROM cheweifenlei  cheweifenlei 	        
        <where> 1=1 ${ew.sqlSegment}</where>
	</select>
	
	<select id="selectView"
		resultType="com.entity.view.CheweifenleiView" >
		SELECT * FROM cheweifenlei  cheweifenlei <where> 1=1 ${ew.sqlSegment}</where>
	</select>
	
	
</mapper>