<?xml version="1.0" encoding="UTF-8"?>
<!DOCTYPE mapper PUBLIC "-//mybatis.org//DTD Mapper 3.0//EN" "http://mybatis.org/dtd/mybatis-3-mapper.dtd">

<mapper namespace="com.dao.CheweixinxiDao">

	<!-- 可根据自己的需求，是否要使用 -->
    <resultMap type="com.entity.CheweixinxiEntity" id="cheweixinxiMap">
        <result property="cheweibianhao" column="cheweibianhao"/>
        <result property="cheweimingcheng" column="cheweimingcheng"/>
        <result property="fenlei" column="fenlei"/>
        <result property="tupian" column="tupian"/>
        <result property="weizhi" column="weizhi"/>
        <result property="cheweizhuangtai" column="cheweizhuangtai"/>
        <result property="tingchejiage" column="tingchejiage"/>
        <result property="cheweixiangqing" column="cheweixiangqing"/>
        <result property="clicktime" column="clicktime"/>
        <result property="clicknum" column="clicknum"/>
    </resultMap>

	<select id="selectListVO"
		resultType="com.entity.vo.CheweixinxiVO" >
		SELECT * FROM cheweixinxi  cheweixinxi         
        <where> 1=1 ${ew.sqlSegment}</where>
	</select>
	
	<select id="selectVO"
		resultType="com.entity.vo.CheweixinxiVO" >
		SELECT  cheweixinxi.* FROM cheweixinxi  cheweixinxi
 		<where> 1=1 ${ew.sqlSegment}</where>
	</select>

    <select id="selectListView"
		resultType="com.entity.view.CheweixinxiView" >

		SELECT  cheweixinxi.* FROM cheweixinxi  cheweixinxi 	        
        <where> 1=1 ${ew.sqlSegment}</where>
	</select>
	
	<select id="selectView"
		resultType="com.entity.view.CheweixinxiView" >
		SELECT * FROM cheweixinxi  cheweixinxi <where> 1=1 ${ew.sqlSegment}</where>
	</select>
	
	
</mapper>