<?xml version="1.0" encoding="UTF-8"?>
<!DOCTYPE mapper PUBLIC "-//mybatis.org//DTD Mapper 3.0//EN" "http://mybatis.org/dtd/mybatis-3-mapper.dtd">

<mapper namespace="com.dao.ChuchangjiaofeiDao">

	<!-- 可根据自己的需求，是否要使用 -->
    <resultMap type="com.entity.ChuchangjiaofeiEntity" id="chuchangjiaofeiMap">
        <result property="cheweibianhao" column="cheweibianhao"/>
        <result property="cheweimingcheng" column="cheweimingcheng"/>
        <result property="tupian" column="tupian"/>
        <result property="tingchejiage" column="tingchejiage"/>
        <result property="ruchangshijian" column="ruchangshijian"/>
        <result property="chuchangshijian" column="chuchangshijian"/>
        <result property="tingcheshizhang" column="tingcheshizhang"/>
        <result property="zongjiage" column="zongjiage"/>
        <result property="yonghuming" column="yonghuming"/>
        <result property="shouji" column="shouji"/>
        <result property="chepaihaoma" column="chepaihaoma"/>
        <result property="sfsh" column="sfsh"/>
        <result property="shhf" column="shhf"/>
        <result property="ispay" column="ispay"/>
    </resultMap>

	<select id="selectListVO"
		resultType="com.entity.vo.ChuchangjiaofeiVO" >
		SELECT * FROM chuchangjiaofei  chuchangjiaofei         
        <where> 1=1 ${ew.sqlSegment}</where>
	</select>
	
	<select id="selectVO"
		resultType="com.entity.vo.ChuchangjiaofeiVO" >
		SELECT  chuchangjiaofei.* FROM chuchangjiaofei  chuchangjiaofei
 		<where> 1=1 ${ew.sqlSegment}</where>
	</select>

    <select id="selectListView"
		resultType="com.entity.view.ChuchangjiaofeiView" >

		SELECT  chuchangjiaofei.* FROM chuchangjiaofei  chuchangjiaofei 	        
        <where> 1=1 ${ew.sqlSegment}</where>
	</select>
	
	<select id="selectView"
		resultType="com.entity.view.ChuchangjiaofeiView" >
		SELECT * FROM chuchangjiaofei  chuchangjiaofei <where> 1=1 ${ew.sqlSegment}</where>
	</select>
	
	
</mapper>