<?xml version="1.0" encoding="UTF-8"?>
<!DOCTYPE mapper PUBLIC "-//mybatis.org//DTD Mapper 3.0//EN" "http://mybatis.org/dtd/mybatis-3-mapper.dtd">

<mapper namespace="com.dao.DiscusscheweixinxiDao">

	<!-- 可根据自己的需求，是否要使用 -->
    <resultMap type="com.entity.DiscusscheweixinxiEntity" id="discusscheweixinxiMap">
        <result property="refid" column="refid"/>
        <result property="userid" column="userid"/>
        <result property="content" column="content"/>
        <result property="reply" column="reply"/>
    </resultMap>

	<select id="selectListVO"
		resultType="com.entity.vo.DiscusscheweixinxiVO" >
		SELECT * FROM discusscheweixinxi  discusscheweixinxi         
        <where> 1=1 ${ew.sqlSegment}</where>
	</select>
	
	<select id="selectVO"
		resultType="com.entity.vo.DiscusscheweixinxiVO" >
		SELECT  discusscheweixinxi.* FROM discusscheweixinxi  discusscheweixinxi
 		<where> 1=1 ${ew.sqlSegment}</where>
	</select>

    <select id="selectListView"
		resultType="com.entity.view.DiscusscheweixinxiView" >

		SELECT  discusscheweixinxi.* FROM discusscheweixinxi  discusscheweixinxi 	        
        <where> 1=1 ${ew.sqlSegment}</where>
	</select>
	
	<select id="selectView"
		resultType="com.entity.view.DiscusscheweixinxiView" >
		SELECT * FROM discusscheweixinxi  discusscheweixinxi <where> 1=1 ${ew.sqlSegment}</where>
	</select>
	
	
</mapper>