<?xml version="1.0" encoding="UTF-8"?>
<!DOCTYPE mapper PUBLIC "-//mybatis.org//DTD Mapper 3.0//EN" "http://mybatis.org/dtd/mybatis-3-mapper.dtd">

<mapper namespace="com.dao.RuchangtingcheDao">

	<!-- 可根据自己的需求，是否要使用 -->
    <resultMap type="com.entity.RuchangtingcheEntity" id="ruchangtingcheMap">
        <result property="cheweibianhao" column="cheweibianhao"/>
        <result property="cheweimingcheng" column="cheweimingcheng"/>
        <result property="fenlei" column="fenlei"/>
        <result property="tupian" column="tupian"/>
        <result property="weizhi" column="weizhi"/>
        <result property="tingchejiage" column="tingchejiage"/>
        <result property="cheweizhuangtai" column="cheweizhuangtai"/>
        <result property="ruchangshijian" column="ruchangshijian"/>
        <result property="ruchangbeizhu" column="ruchangbeizhu"/>
        <result property="yonghuming" column="yonghuming"/>
        <result property="shouji" column="shouji"/>
        <result property="chepaihaoma" column="chepaihaoma"/>
        <result property="sfsh" column="sfsh"/>
        <result property="shhf" column="shhf"/>
    </resultMap>

	<select id="selectListVO"
		resultType="com.entity.vo.RuchangtingcheVO" >
		SELECT * FROM ruchangtingche  ruchangtingche         
        <where> 1=1 ${ew.sqlSegment}</where>
	</select>
	
	<select id="selectVO"
		resultType="com.entity.vo.RuchangtingcheVO" >
		SELECT  ruchangtingche.* FROM ruchangtingche  ruchangtingche
 		<where> 1=1 ${ew.sqlSegment}</where>
	</select>

    <select id="selectListView"
		resultType="com.entity.view.RuchangtingcheView" >

		SELECT  ruchangtingche.* FROM ruchangtingche  ruchangtingche 	        
        <where> 1=1 ${ew.sqlSegment}</where>
	</select>
	
	<select id="selectView"
		resultType="com.entity.view.RuchangtingcheView" >
		SELECT * FROM ruchangtingche  ruchangtingche <where> 1=1 ${ew.sqlSegment}</where>
	</select>
	
	
</mapper>