<?xml version="1.0" encoding="UTF-8"?>
<!DOCTYPE mapper PUBLIC "-//mybatis.org//DTD Mapper 3.0//EN" "http://mybatis.org/dtd/mybatis-3-mapper.dtd">

<mapper namespace="com.dao.TousujianyiDao">

	<!-- 可根据自己的需求，是否要使用 -->
    <resultMap type="com.entity.TousujianyiEntity" id="tousujianyiMap">
        <result property="biaotimingcheng" column="biaotimingcheng"/>
        <result property="tupian" column="tupian"/>
        <result property="faburiqi" column="faburiqi"/>
        <result property="neirongxiangqing" column="neirongxiangqing"/>
        <result property="yonghuming" column="yonghuming"/>
        <result property="shouji" column="shouji"/>
        <result property="sfsh" column="sfsh"/>
        <result property="shhf" column="shhf"/>
    </resultMap>

	<select id="selectListVO"
		resultType="com.entity.vo.TousujianyiVO" >
		SELECT * FROM tousujianyi  tousujianyi         
        <where> 1=1 ${ew.sqlSegment}</where>
	</select>
	
	<select id="selectVO"
		resultType="com.entity.vo.TousujianyiVO" >
		SELECT  tousujianyi.* FROM tousujianyi  tousujianyi
 		<where> 1=1 ${ew.sqlSegment}</where>
	</select>

    <select id="selectListView"
		resultType="com.entity.view.TousujianyiView" >

		SELECT  tousujianyi.* FROM tousujianyi  tousujianyi 	        
        <where> 1=1 ${ew.sqlSegment}</where>
	</select>
	
	<select id="selectView"
		resultType="com.entity.view.TousujianyiView" >
		SELECT * FROM tousujianyi  tousujianyi <where> 1=1 ${ew.sqlSegment}</where>
	</select>
	
	
</mapper>